cart_id,user_id,created_at,updated_at,additional_data
0,256,2025-04-10 16:34:02.345297,2025-04-12 16:34:02.345297,"{'session_id': 'wkobpqxxr0otn0n0', 'last_activity': '2025-04-12 16:34:02', 'saved_for_later_count': 0, 'coupon_code': None, 'abandoned': False}"
1,322,2025-03-27 16:34:02.345362,2025-04-12 16:34:02.345362,"{'session_id': 'urx9p07ieht20r9u', 'last_activity': '2025-04-12 16:34:02', 'saved_for_later_count': 0, 'coupon_code': None, 'abandoned': False}"
2,351,2025-03-28 16:34:02.345370,2025-04-16 16:34:02.345370,"{'session_id': '2g34dnriiqg94ir7', 'last_activity': '2025-04-16 16:34:02', 'saved_for_later_count': 0, 'coupon_code': None, 'abandoned': False}"
3,464,2025-03-30 16:34:02.345376,2025-04-16 16:34:02.345376,"{'session_id': 'qv3qviyr3be8wfqa', 'last_activity': '2025-04-16 16:34:02', 'saved_for_later_count': 5, 'coupon_code': None, 'abandoned': False}"
4,408,2025-04-01 16:34:02.345382,2025-04-03 16:34:02.345382,"{'session_id': 'y3vbrlm7yfwpqrzy', 'last_activity': '2025-04-03 16:34:02', 'saved_for_later_count': 1, 'coupon_code': None, 'abandoned': False}"
5,191,2025-04-13 16:34:02.345388,2025-04-17 16:34:02.345388,"{'session_id': 'vqb6n0yhyob4mekp', 'last_activity': '2025-04-17 16:34:02', 'saved_for_later_count': 0, 'coupon_code': None, 'abandoned': False}"
6,202,2025-04-05 16:34:02.345393,2025-04-12 16:34:02.345393,"{'session_id': 'v3yliblp1e6k6z9g', 'last_activity': '2025-04-12 16:34:02', 'saved_for_later_count': 0, 'coupon_code': None, 'abandoned': False}"
7,193,2025-03-21 16:34:02.345398,2025-03-25 16:34:02.345398,"{'session_id': 'isniohftwork3642', 'last_activity': '2025-03-25 16:34:02', 'saved_for_later_count': 0, 'coupon_code': None, 'abandoned': False}"
8,280,2025-03-21 16:34:02.345402,2025-04-01 16:34:02.345402,"{'session_id': 'oxz3yzmnj0d7qor8', 'last_activity': '2025-04-01 16:34:02', 'saved_for_later_count': 0, 'coupon_code': None, 'abandoned': False}"
9,406,2025-04-12 16:34:02.345407,2025-04-16 16:34:02.345407,"{'session_id': '6ymbfasvefq1tdsn', 'last_activity': '2025-04-16 16:34:02', 'saved_for_later_count': 0, 'coupon_code': None, 'abandoned': False}"
10,367,2025-04-12 16:34:02.345412,2025-04-13 16:34:02.345412,"{'session_id': 'wkzdrzf6yu3wz2eh', 'last_activity': '2025-04-13 16:34:02', 'saved_for_later_count': 0, 'coupon_code': None, 'abandoned': False}"
11,424,2025-04-04 16:34:02.345416,2025-04-14 16:34:02.345416,"{'session_id': '02nuy50g4ljhu4sr', 'last_activity': '2025-04-14 16:34:02', 'saved_for_later_count': 0, 'coupon_code': None, 'abandoned': False}"
12,325,2025-04-13 16:34:02.345424,2025-04-17 16:34:02.345424,"{'session_id': '5fjvw54rzysv2fnl', 'last_activity': '2025-04-17 16:34:02', 'saved_for_later_count': 0, 'coupon_code': None, 'abandoned': False}"
13,224,2025-03-30 16:34:02.345433,2025-04-17 16:34:02.345433,"{'session_id': 'nyuj1ml15h3mk5u6', 'last_activity': '2025-04-17 16:34:02', 'saved_for_later_count': 0, 'coupon_code': None, 'abandoned': False}"
14,145,2025-04-08 16:34:02.345439,2025-04-09 16:34:02.345439,"{'session_id': '4c2pcdq7b8qas0hv', 'last_activity': '2025-04-09 16:34:02', 'saved_for_later_count': 0, 'coupon_code': None, 'abandoned': False}"
15,23,2025-04-15 16:34:02.345444,2025-04-16 16:34:02.345444,"{'session_id': 'k66o1huxm5mecr5g', 'last_activity': '2025-04-16 16:34:02', 'saved_for_later_count': 0, 'coupon_code': None, 'abandoned': False}"
16,330,2025-03-22 16:34:02.345449,2025-03-30 16:34:02.345449,"{'session_id': 'qh8w0wlqyl2j7q91', 'last_activity': '2025-03-30 16:34:02', 'saved_for_later_count': 2, 'coupon_code': None, 'abandoned': False}"
17,363,2025-04-07 16:34:02.345454,2025-04-09 16:34:02.345454,"{'session_id': '25410xo0vmsfkog2', 'last_activity': '2025-04-09 16:34:02', 'saved_for_later_count': 0, 'coupon_code': None, 'abandoned': False}"
18,169,2025-03-31 16:34:02.345461,2025-04-12 16:34:02.345461,"{'session_id': 'dloxvk9z8u34i6qv', 'last_activity': '2025-04-12 16:34:02', 'saved_for_later_count': 0, 'coupon_code': '702M13O3', 'abandoned': False}"
19,496,2025-03-30 16:34:02.345468,2025-04-04 16:34:02.345468,"{'session_id': 'y1y3t7s5s08spr0i', 'last_activity': '2025-04-04 16:34:02', 'saved_for_later_count': 0, 'coupon_code': None, 'abandoned': False}"
20,22,2025-04-04 16:34:02.345472,2025-04-14 16:34:02.345472,"{'session_id': 'agti9xbs7279tzrw', 'last_activity': '2025-04-14 16:34:02', 'saved_for_later_count': 2, 'coupon_code': None, 'abandoned': False}"
21,124,2025-04-11 16:34:02.345477,2025-04-12 16:34:02.345477,"{'session_id': 'bz7u7g0cjmdq3jwh', 'last_activity': '2025-04-12 16:34:02', 'saved_for_later_count': 0, 'coupon_code': None, 'abandoned': False}"
22,303,2025-04-06 16:34:02.345481,2025-04-10 16:34:02.345481,"{'session_id': '81r02z403mwofhmc', 'last_activity': '2025-04-10 16:34:02', 'saved_for_later_count': 0, 'coupon_code': None, 'abandoned': False}"
23,24,2025-04-10 16:34:02.345486,2025-04-16 16:34:02.345486,"{'session_id': '4oln5tpi0ik34njr', 'last_activity': '2025-04-16 16:34:02', 'saved_for_later_count': 0, 'coupon_code': None, 'abandoned': False}"
24,381,2025-04-09 16:34:02.345491,2025-04-11 16:34:02.345491,"{'session_id': 'nb922rmxend30a4x', 'last_activity': '2025-04-11 16:34:02', 'saved_for_later_count': 4, 'coupon_code': None, 'abandoned': False}"
25,199,2025-04-08 16:34:02.345495,2025-04-08 16:34:02.345495,"{'session_id': 'lgwj5ae2jinn2m5w', 'last_activity': '2025-04-08 16:34:02', 'saved_for_later_count': 0, 'coupon_code': None, 'abandoned': False}"
26,399,2025-03-24 16:34:02.345500,2025-04-06 16:34:02.345500,"{'session_id': 'kqvj28lhyzalo45e', 'last_activity': '2025-04-06 16:34:02', 'saved_for_later_count': 0, 'coupon_code': None, 'abandoned': False}"
27,150,2025-04-15 16:34:02.345505,2025-04-15 16:34:02.345505,"{'session_id': 'ghaj6pfgq3xq101d', 'last_activity': '2025-04-15 16:34:02', 'saved_for_later_count': 0, 'coupon_code': None, 'abandoned': False}"
28,275,2025-04-04 16:34:02.345510,2025-04-07 16:34:02.345510,"{'session_id': 'lkwfpgqohhft48ps', 'last_activity': '2025-04-07 16:34:02', 'saved_for_later_count': 0, 'coupon_code': 'R7K4BPP6', 'abandoned': False}"
29,237,2025-03-21 16:34:02.345515,2025-04-02 16:34:02.345515,"{'session_id': '68pzasofsh08x6mg', 'last_activity': '2025-04-02 16:34:02', 'saved_for_later_count': 0, 'coupon_code': 'MTVJBE5B', 'abandoned': False}"
30,365,2025-04-05 16:34:02.345520,2025-04-05 16:34:02.345520,"{'session_id': 'ju1ndgwbbeps8d6p', 'last_activity': '2025-04-05 16:34:02', 'saved_for_later_count': 0, 'coupon_code': None, 'abandoned': False}"
31,391,2025-03-22 16:34:02.345525,2025-04-07 16:34:02.345525,"{'session_id': 'u2vht828o6osfc2n', 'last_activity': '2025-04-07 16:34:02', 'saved_for_later_count': 0, 'coupon_code': None, 'abandoned': False}"
32,185,2025-03-24 16:34:02.345530,2025-04-12 16:34:02.345530,"{'session_id': 'axgdw2pdj82h283x', 'last_activity': '2025-04-12 16:34:02', 'saved_for_later_count': 0, 'coupon_code': None, 'abandoned': False}"
33,37,2025-03-31 16:34:02.345534,2025-03-31 16:34:02.345534,"{'session_id': 'tkakebyq7uk77ule', 'last_activity': '2025-03-31 16:34:02', 'saved_for_later_count': 0, 'coupon_code': None, 'abandoned': False}"
34,166,2025-03-31 16:34:02.345539,2025-04-02 16:34:02.345539,"{'session_id': 'kmsn5vc4swgay259', 'last_activity': '2025-04-02 16:34:02', 'saved_for_later_count': 3, 'coupon_code': 'H8MWZQ28', 'abandoned': False}"
35,90,2025-04-07 16:34:02.345546,2025-04-10 16:34:02.345546,"{'session_id': '7la7dxpw1tba1v08', 'last_activity': '2025-04-10 16:34:02', 'saved_for_later_count': 0, 'coupon_code': None, 'abandoned': False}"
36,427,2025-03-25 16:34:02.345551,2025-04-05 16:34:02.345551,"{'session_id': 'v2pt5622baxg7no1', 'last_activity': '2025-04-05 16:34:02', 'saved_for_later_count': 0, 'coupon_code': None, 'abandoned': False}"
37,475,2025-03-28 16:34:02.345556,2025-03-28 16:34:02.345556,"{'session_id': 'a754w6ikeyxejj78', 'last_activity': '2025-03-28 16:34:02', 'saved_for_later_count': 0, 'coupon_code': None, 'abandoned': False}"
38,217,2025-04-17 16:34:02.345562,2025-04-17 16:34:02.345562,"{'session_id': 'p1kr8csv63041whs', 'last_activity': '2025-04-17 16:34:02', 'saved_for_later_count': 0, 'coupon_code': None, 'abandoned': False}"
39,225,2025-03-28 16:34:02.345566,2025-04-09 16:34:02.345566,"{'session_id': 'egjrk0cebuqpc6lm', 'last_activity': '2025-04-09 16:34:02', 'saved_for_later_count': 4, 'coupon_code': None, 'abandoned': False}"
40,394,2025-03-21 16:34:02.345571,2025-04-14 16:34:02.345571,"{'session_id': 'wbdgqksmdqjt2p0o', 'last_activity': '2025-04-14 16:34:02', 'saved_for_later_count': 5, 'coupon_code': '7ILOUBOF', 'abandoned': False}"
41,153,2025-03-30 16:34:02.345581,2025-04-15 16:34:02.345581,"{'session_id': 'b1u7lic8goeoldcz', 'last_activity': '2025-04-15 16:34:02', 'saved_for_later_count': 0, 'coupon_code': None, 'abandoned': False}"
42,261,2025-03-26 16:34:02.345586,2025-04-17 16:34:02.345586,"{'session_id': '3n2qugnxgdmfehbm', 'last_activity': '2025-04-17 16:34:02', 'saved_for_later_count': 0, 'coupon_code': None, 'abandoned': False}"
43,205,2025-03-19 16:34:02.345592,2025-03-19 16:34:02.345592,"{'session_id': '3ob81vc7qirdq6u5', 'last_activity': '2025-03-19 16:34:02', 'saved_for_later_count': 0, 'coupon_code': None, 'abandoned': False}"
44,40,2025-04-11 16:34:02.345597,2025-04-12 16:34:02.345597,"{'session_id': '2n8znvcjwuq2xibx', 'last_activity': '2025-04-12 16:34:02', 'saved_for_later_count': 0, 'coupon_code': None, 'abandoned': False}"
45,125,2025-03-30 16:34:02.345603,2025-04-17 16:34:02.345603,"{'session_id': '4kv4vv0asm94170r', 'last_activity': '2025-04-17 16:34:02', 'saved_for_later_count': 0, 'coupon_code': None, 'abandoned': False}"
46,251,2025-04-13 16:34:02.345608,2025-04-16 16:34:02.345608,"{'session_id': 'dtu4gb2njyrob0pp', 'last_activity': '2025-04-16 16:34:02', 'saved_for_later_count': 0, 'coupon_code': '8WZAHVM5', 'abandoned': False}"
47,292,2025-04-07 16:34:02.345613,2025-04-10 16:34:02.345613,"{'session_id': 'ztduurua1c2lz5do', 'last_activity': '2025-04-10 16:34:02', 'saved_for_later_count': 0, 'coupon_code': None, 'abandoned': False}"
48,198,2025-03-21 16:34:02.345619,2025-04-12 16:34:02.345619,"{'session_id': '5laxb0m5vc7av3p3', 'last_activity': '2025-04-12 16:34:02', 'saved_for_later_count': 0, 'coupon_code': None, 'abandoned': False}"
49,416,2025-03-27 16:34:02.345623,2025-04-09 16:34:02.345623,"{'session_id': '2p7x15jbgvwxz6ge', 'last_activity': '2025-04-09 16:34:02', 'saved_for_later_count': 2, 'coupon_code': None, 'abandoned': False}"
50,53,2025-03-22 16:34:02.345628,2025-04-11 16:34:02.345628,"{'session_id': 'zpxpjmzb0z258wii', 'last_activity': '2025-04-11 16:34:02', 'saved_for_later_count': 0, 'coupon_code': None, 'abandoned': False}"
51,15,2025-03-20 16:34:02.345633,2025-04-04 16:34:02.345633,"{'session_id': '0jr9n7ysmv2mmqdy', 'last_activity': '2025-04-04 16:34:02', 'saved_for_later_count': 0, 'coupon_code': None, 'abandoned': False}"
52,484,2025-03-25 16:34:02.345639,2025-04-14 16:34:02.345639,"{'session_id': 'm8mbo63ot85grr20', 'last_activity': '2025-04-14 16:34:02', 'saved_for_later_count': 0, 'coupon_code': None, 'abandoned': False}"
53,142,2025-04-03 16:34:02.345643,2025-04-08 16:34:02.345643,"{'session_id': 'qv0hamzvfrfmq3mh', 'last_activity': '2025-04-08 16:34:02', 'saved_for_later_count': 5, 'coupon_code': None, 'abandoned': False}"
54,324,2025-04-04 16:34:02.345648,2025-04-14 16:34:02.345648,"{'session_id': 'l0atgjhxn0nec799', 'last_activity': '2025-04-14 16:34:02', 'saved_for_later_count': 4, 'coupon_code': '34XX4F0Z', 'abandoned': False}"
55,30,2025-03-21 16:34:02.345653,2025-03-26 16:34:02.345653,"{'session_id': 'cvnyphbsq1iu7r33', 'last_activity': '2025-03-26 16:34:02', 'saved_for_later_count': 0, 'coupon_code': None, 'abandoned': False}"
56,364,2025-04-04 16:34:02.345658,2025-04-11 16:34:02.345658,"{'session_id': '1yg05zcrop6vd4je', 'last_activity': '2025-04-11 16:34:02', 'saved_for_later_count': 0, 'coupon_code': None, 'abandoned': False}"
57,78,2025-03-27 16:34:02.345663,2025-04-07 16:34:02.345663,"{'session_id': 'pfg6o1o3mn5k395u', 'last_activity': '2025-04-07 16:34:02', 'saved_for_later_count': 0, 'coupon_code': None, 'abandoned': False}"
58,137,2025-04-07 16:34:02.345667,2025-04-08 16:34:02.345667,"{'session_id': '3xp8gjpxlvlb8dl8', 'last_activity': '2025-04-08 16:34:02', 'saved_for_later_count': 0, 'coupon_code': None, 'abandoned': False}"
59,75,2025-03-20 16:34:02.345672,2025-03-28 16:34:02.345672,"{'session_id': 'vw7pxbnb19e26g08', 'last_activity': '2025-03-28 16:34:02', 'saved_for_later_count': 1, 'coupon_code': None, 'abandoned': False}"
60,84,2025-04-03 16:34:02.345677,2025-04-05 16:34:02.345677,"{'session_id': 'af45uo3v6ftvtxne', 'last_activity': '2025-04-05 16:34:02', 'saved_for_later_count': 0, 'coupon_code': None, 'abandoned': False}"
61,282,2025-04-16 16:34:02.345681,2025-04-16 16:34:02.345681,"{'session_id': 'm5o7y0c3mylnktm3', 'last_activity': '2025-04-16 16:34:02', 'saved_for_later_count': 4, 'coupon_code': '864X5G5B', 'abandoned': False}"
62,378,2025-03-23 16:34:02.345687,2025-03-24 16:34:02.345687,"{'session_id': 'oa8qmcz69gkpbnhj', 'last_activity': '2025-03-24 16:34:02', 'saved_for_later_count': 0, 'coupon_code': None, 'abandoned': False}"
63,181,2025-04-16 16:34:02.345691,2025-04-17 16:34:02.345691,"{'session_id': 'tf5dbe7kq6kuenf7', 'last_activity': '2025-04-17 16:34:02', 'saved_for_later_count': 0, 'coupon_code': None, 'abandoned': False}"
64,171,2025-04-13 16:34:02.345696,2025-04-16 16:34:02.345696,"{'session_id': 'jdxrl3slzi5rs4wb', 'last_activity': '2025-04-16 16:34:02', 'saved_for_later_count': 0, 'coupon_code': None, 'abandoned': False}"
65,276,2025-03-29 16:34:02.345701,2025-03-30 16:34:02.345701,"{'session_id': 'awnqz9be4ylip4he', 'last_activity': '2025-03-30 16:34:02', 'saved_for_later_count': 0, 'coupon_code': None, 'abandoned': False}"
66,425,2025-03-28 16:34:02.345705,2025-03-29 16:34:02.345705,"{'session_id': 'xf1gjiy0jrk5d9f5', 'last_activity': '2025-03-29 16:34:02', 'saved_for_later_count': 0, 'coupon_code': None, 'abandoned': False}"
67,340,2025-04-12 16:34:02.345709,2025-04-14 16:34:02.345709,"{'session_id': '00imrao7j8hjzclo', 'last_activity': '2025-04-14 16:34:02', 'saved_for_later_count': 0, 'coupon_code': None, 'abandoned': False}"
68,18,2025-03-22 16:34:02.345714,2025-03-26 16:34:02.345714,"{'session_id': 'dh6nv8phd8xc2wle', 'last_activity': '2025-03-26 16:34:02', 'saved_for_later_count': 0, 'coupon_code': None, 'abandoned': False}"
69,387,2025-03-29 16:34:02.345718,2025-04-01 16:34:02.345718,"{'session_id': 'n7346g26fxp9ld5b', 'last_activity': '2025-04-01 16:34:02', 'saved_for_later_count': 0, 'coupon_code': None, 'abandoned': False}"
70,80,2025-04-12 16:34:02.345723,2025-04-12 16:34:02.345723,"{'session_id': 'o3naz5e1b35gesn9', 'last_activity': '2025-04-12 16:34:02', 'saved_for_later_count': 0, 'coupon_code': None, 'abandoned': False}"
71,0,2025-04-10 16:34:02.345727,2025-04-10 16:34:02.345727,"{'session_id': 'owec9pn1qrxg4u0w', 'last_activity': '2025-04-10 16:34:02', 'saved_for_later_count': 0, 'coupon_code': None, 'abandoned': False}"
72,32,2025-03-25 16:34:02.345731,2025-04-13 16:34:02.345731,"{'session_id': 'kslsnpj85hv5e5wc', 'last_activity': '2025-04-13 16:34:02', 'saved_for_later_count': 0, 'coupon_code': None, 'abandoned': False}"
73,426,2025-03-20 16:34:02.345736,2025-04-16 16:34:02.345736,"{'session_id': 'duf72oohif5vnvgo', 'last_activity': '2025-04-16 16:34:02', 'saved_for_later_count': 0, 'coupon_code': None, 'abandoned': False}"
74,336,2025-03-27 16:34:02.345740,2025-04-12 16:34:02.345740,"{'session_id': 'l46hwn679adyeb3r', 'last_activity': '2025-04-12 16:34:02', 'saved_for_later_count': 1, 'coupon_code': None, 'abandoned': False}"
75,14,2025-04-12 16:34:02.345745,2025-04-13 16:34:02.345745,"{'session_id': 'rlgt3tht1l4tx4ao', 'last_activity': '2025-04-13 16:34:02', 'saved_for_later_count': 0, 'coupon_code': None, 'abandoned': False}"
76,448,2025-04-08 16:34:02.345753,2025-04-11 16:34:02.345753,"{'session_id': '2gpdbwpomsul1xjz', 'last_activity': '2025-04-11 16:34:02', 'saved_for_later_count': 1, 'coupon_code': '9D6ZY3D4', 'abandoned': False}"
77,290,2025-03-31 16:34:02.345759,2025-04-08 16:34:02.345759,"{'session_id': '2lv5h8nnucom1wwk', 'last_activity': '2025-04-08 16:34:02', 'saved_for_later_count': 0, 'coupon_code': None, 'abandoned': False}"
78,165,2025-04-06 16:34:02.345764,2025-04-17 16:34:02.345764,"{'session_id': 'vl34i99m12d49h84', 'last_activity': '2025-04-17 16:34:02', 'saved_for_later_count': 0, 'coupon_code': None, 'abandoned': False}"
79,353,2025-03-31 16:34:02.345768,2025-04-13 16:34:02.345768,"{'session_id': 'cctrhu0ctd532h3y', 'last_activity': '2025-04-13 16:34:02', 'saved_for_later_count': 0, 'coupon_code': None, 'abandoned': False}"
80,455,2025-03-21 16:34:02.345772,2025-03-29 16:34:02.345772,"{'session_id': 'a8b7c6a2206ifr5a', 'last_activity': '2025-03-29 16:34:02', 'saved_for_later_count': 0, 'coupon_code': None, 'abandoned': False}"
81,311,2025-03-29 16:34:02.345777,2025-04-01 16:34:02.345777,"{'session_id': 'z5ir6rp8apahmtvd', 'last_activity': '2025-04-01 16:34:02', 'saved_for_later_count': 0, 'coupon_code': None, 'abandoned': False}"
82,222,2025-03-30 16:34:02.345781,2025-04-05 16:34:02.345781,"{'session_id': 'puq0sl62pi144g8m', 'last_activity': '2025-04-05 16:34:02', 'saved_for_later_count': 3, 'coupon_code': None, 'abandoned': False}"
83,178,2025-04-10 16:34:02.345785,2025-04-11 16:34:02.345785,"{'session_id': 'zm5nbywv2c91nwsx', 'last_activity': '2025-04-11 16:34:02', 'saved_for_later_count': 0, 'coupon_code': None, 'abandoned': False}"
84,143,2025-04-04 16:34:02.345790,2025-04-06 16:34:02.345790,"{'session_id': 'vpq67xwlr5c2mqyc', 'last_activity': '2025-04-06 16:34:02', 'saved_for_later_count': 0, 'coupon_code': None, 'abandoned': False}"
85,469,2025-04-11 16:34:02.345794,2025-04-17 16:34:02.345794,"{'session_id': '6vcvwx5ouae3usy1', 'last_activity': '2025-04-17 16:34:02', 'saved_for_later_count': 0, 'coupon_code': None, 'abandoned': False}"
86,338,2025-03-29 16:34:02.345798,2025-04-04 16:34:02.345798,"{'session_id': 'akeqh8vygy2wniqh', 'last_activity': '2025-04-04 16:34:02', 'saved_for_later_count': 0, 'coupon_code': None, 'abandoned': False}"
87,320,2025-03-30 16:34:02.345803,2025-04-11 16:34:02.345803,"{'session_id': 'zlr8r5kf6hiwz9ay', 'last_activity': '2025-04-11 16:34:02', 'saved_for_later_count': 0, 'coupon_code': None, 'abandoned': False}"
88,288,2025-03-25 16:34:02.345808,2025-04-17 16:34:02.345808,"{'session_id': '3wvfeqzf4c5t2wsf', 'last_activity': '2025-04-17 16:34:02', 'saved_for_later_count': 0, 'coupon_code': None, 'abandoned': False}"
89,62,2025-03-30 16:34:02.345812,2025-04-08 16:34:02.345812,"{'session_id': 'nscqpmwqzuo96e1t', 'last_activity': '2025-04-08 16:34:02', 'saved_for_later_count': 0, 'coupon_code': None, 'abandoned': False}"
90,465,2025-04-12 16:34:02.345817,2025-04-14 16:34:02.345817,"{'session_id': '1h6aswd603yxtial', 'last_activity': '2025-04-14 16:34:02', 'saved_for_later_count': 0, 'coupon_code': '1KRTMY7F', 'abandoned': False}"
91,139,2025-04-06 16:34:02.345822,2025-04-08 16:34:02.345822,"{'session_id': 'tcd6cxd96wojp9dp', 'last_activity': '2025-04-08 16:34:02', 'saved_for_later_count': 5, 'coupon_code': None, 'abandoned': False}"
92,435,2025-03-22 16:34:02.345827,2025-03-30 16:34:02.345827,"{'session_id': 'yxv6w0h1nn9oie1g', 'last_activity': '2025-03-30 16:34:02', 'saved_for_later_count': 0, 'coupon_code': None, 'abandoned': False}"
93,277,2025-04-08 16:34:02.345831,2025-04-17 16:34:02.345831,"{'session_id': '0jmdyv48289nf3mh', 'last_activity': '2025-04-17 16:34:02', 'saved_for_later_count': 0, 'coupon_code': 'CXMZ5C5P', 'abandoned': False}"
94,10,2025-03-23 16:34:02.345836,2025-03-25 16:34:02.345836,"{'session_id': '8czemuhtpknpzz0q', 'last_activity': '2025-03-25 16:34:02', 'saved_for_later_count': 1, 'coupon_code': None, 'abandoned': False}"
95,462,2025-03-21 16:34:02.345840,2025-03-24 16:34:02.345840,"{'session_id': 'md3jbhhtveguesdm', 'last_activity': '2025-03-24 16:34:02', 'saved_for_later_count': 0, 'coupon_code': None, 'abandoned': False}"
96,433,2025-04-08 16:34:02.345845,2025-04-09 16:34:02.345845,"{'session_id': '9na7uwwq3g5rj4rb', 'last_activity': '2025-04-09 16:34:02', 'saved_for_later_count': 5, 'coupon_code': None, 'abandoned': False}"
97,156,2025-03-31 16:34:02.345849,2025-04-08 16:34:02.345849,"{'session_id': '98jobm1c7w1ci2ku', 'last_activity': '2025-04-08 16:34:02', 'saved_for_later_count': 0, 'coupon_code': None, 'abandoned': False}"
98,119,2025-03-27 16:34:02.345854,2025-03-29 16:34:02.345854,"{'session_id': 'b5u7f6fdz1x7rm0r', 'last_activity': '2025-03-29 16:34:02', 'saved_for_later_count': 0, 'coupon_code': None, 'abandoned': False}"
99,138,2025-03-24 16:34:02.345858,2025-04-09 16:34:02.345858,"{'session_id': '5gbeyrk1f6hiigbv', 'last_activity': '2025-04-09 16:34:02', 'saved_for_later_count': 1, 'coupon_code': None, 'abandoned': False}"
100,238,2025-04-11 16:34:02.345862,2025-04-17 16:34:02.345862,"{'session_id': 'txd3emz3oz8adnpx', 'last_activity': '2025-04-17 16:34:02', 'saved_for_later_count': 0, 'coupon_code': 'V4V6XRFC', 'abandoned': False}"
101,483,2025-03-26 16:34:02.345868,2025-04-15 16:34:02.345868,"{'session_id': 'mwelc2tz2rpo48te', 'last_activity': '2025-04-15 16:34:02', 'saved_for_later_count': 0, 'coupon_code': None, 'abandoned': False}"
102,163,2025-03-19 16:34:02.345873,2025-04-15 16:34:02.345873,"{'session_id': 'iqk8qddt9m35oxxl', 'last_activity': '2025-04-15 16:34:02', 'saved_for_later_count': 0, 'coupon_code': None, 'abandoned': False}"
103,323,2025-04-17 16:34:02.345877,2025-04-17 16:34:02.345877,"{'session_id': 'is7tny1eo1kx46rj', 'last_activity': '2025-04-17 16:34:02', 'saved_for_later_count': 0, 'coupon_code': None, 'abandoned': False}"
104,407,2025-04-11 16:34:02.345881,2025-04-11 16:34:02.345881,"{'session_id': 'wljvnmha8l222xl5', 'last_activity': '2025-04-11 16:34:02', 'saved_for_later_count': 0, 'coupon_code': None, 'abandoned': False}"
105,459,2025-03-21 16:34:02.345886,2025-04-08 16:34:02.345886,"{'session_id': 'du9e5ek3n4jaki9m', 'last_activity': '2025-04-08 16:34:02', 'saved_for_later_count': 5, 'coupon_code': None, 'abandoned': False}"
106,354,2025-03-29 16:34:02.345890,2025-04-12 16:34:02.345890,"{'session_id': '8nu3yvm2ns6un8ln', 'last_activity': '2025-04-12 16:34:02', 'saved_for_later_count': 0, 'coupon_code': None, 'abandoned': False}"
107,52,2025-04-02 16:34:02.345894,2025-04-14 16:34:02.345894,"{'session_id': 'uuzd0bkzuwuviw5u', 'last_activity': '2025-04-14 16:34:02', 'saved_for_later_count': 0, 'coupon_code': None, 'abandoned': False}"
108,347,2025-03-30 16:34:02.345899,2025-04-14 16:34:02.345899,"{'session_id': 'xpma45w01g02bgh0', 'last_activity': '2025-04-14 16:34:02', 'saved_for_later_count': 3, 'coupon_code': None, 'abandoned': False}"
109,388,2025-03-28 16:34:02.345904,2025-04-13 16:34:02.345904,"{'session_id': '840bnzbjs8mcpibw', 'last_activity': '2025-04-13 16:34:02', 'saved_for_later_count': 0, 'coupon_code': 'VXGIDZTB', 'abandoned': False}"
110,410,2025-04-16 16:34:02.345908,2025-04-16 16:34:02.345908,"{'session_id': 'mxtinsiw4hkw7uqf', 'last_activity': '2025-04-16 16:34:02', 'saved_for_later_count': 0, 'coupon_code': None, 'abandoned': False}"
111,160,2025-03-31 16:34:02.345913,2025-04-08 16:34:02.345913,"{'session_id': 'h6o62p5i9jtbw02t', 'last_activity': '2025-04-08 16:34:02', 'saved_for_later_count': 0, 'coupon_code': None, 'abandoned': False}"
112,334,2025-04-07 16:34:02.345918,2025-04-12 16:34:02.345918,"{'session_id': 'xfk2sf3x2k1cqt83', 'last_activity': '2025-04-12 16:34:02', 'saved_for_later_count': 0, 'coupon_code': None, 'abandoned': False}"
113,403,2025-03-30 16:34:02.345922,2025-03-31 16:34:02.345922,"{'session_id': 'f8cus4rb27otj3vi', 'last_activity': '2025-03-31 16:34:02', 'saved_for_later_count': 0, 'coupon_code': None, 'abandoned': False}"
114,250,2025-03-23 16:34:02.345927,2025-03-27 16:34:02.345927,"{'session_id': 'w6qgm7eqbmbhc9gj', 'last_activity': '2025-03-27 16:34:02', 'saved_for_later_count': 0, 'coupon_code': None, 'abandoned': False}"
115,129,2025-03-28 16:34:02.345931,2025-04-03 16:34:02.345931,"{'session_id': 'tlwhagt9i64377y6', 'last_activity': '2025-04-03 16:34:02', 'saved_for_later_count': 0, 'coupon_code': '6RAIXBPS', 'abandoned': False}"
116,13,2025-04-13 16:34:02.345936,2025-04-13 16:34:02.345936,"{'session_id': 'avq42dunh4wqyw8y', 'last_activity': '2025-04-13 16:34:02', 'saved_for_later_count': 0, 'coupon_code': None, 'abandoned': False}"
117,2,2025-03-19 16:34:02.345941,2025-04-14 16:34:02.345941,"{'session_id': 'fhzdrds2tnfxn518', 'last_activity': '2025-04-14 16:34:02', 'saved_for_later_count': 2, 'coupon_code': None, 'abandoned': False}"
118,405,2025-03-26 16:34:02.345945,2025-03-26 16:34:02.345945,"{'session_id': 'hdr0jbd2zzuau0iw', 'last_activity': '2025-03-26 16:34:02', 'saved_for_later_count': 0, 'coupon_code': '2WFNJ62O', 'abandoned': False}"
119,300,2025-04-03 16:34:02.345950,2025-04-17 16:34:02.345950,"{'session_id': '18lkmtm95f20atgk', 'last_activity': '2025-04-17 16:34:02', 'saved_for_later_count': 0, 'coupon_code': None, 'abandoned': False}"
120,254,2025-03-23 16:34:02.345955,2025-04-02 16:34:02.345955,"{'session_id': '52snprge49zjq1ja', 'last_activity': '2025-04-02 16:34:02', 'saved_for_later_count': 0, 'coupon_code': None, 'abandoned': False}"
121,180,2025-04-15 16:34:02.345959,2025-04-17 16:34:02.345959,"{'session_id': '1crtmv9v07013r90', 'last_activity': '2025-04-17 16:34:02', 'saved_for_later_count': 0, 'coupon_code': None, 'abandoned': False}"
122,409,2025-03-26 16:34:02.345964,2025-04-12 16:34:02.345964,"{'session_id': 'amb0c4nphurcbdz6', 'last_activity': '2025-04-12 16:34:02', 'saved_for_later_count': 5, 'coupon_code': None, 'abandoned': False}"
123,109,2025-04-09 16:34:02.345968,2025-04-17 16:34:02.345968,"{'session_id': 'mz7aqygfqy3wogkx', 'last_activity': '2025-04-17 16:34:02', 'saved_for_later_count': 0, 'coupon_code': None, 'abandoned': False}"
124,281,2025-04-15 16:34:02.345973,2025-04-15 16:34:02.345973,"{'session_id': 'vvlk8cifjot9je6w', 'last_activity': '2025-04-15 16:34:02', 'saved_for_later_count': 0, 'coupon_code': None, 'abandoned': False}"
125,313,2025-04-15 16:34:02.345977,2025-04-17 16:34:02.345977,"{'session_id': '2j1suml1llskszcm', 'last_activity': '2025-04-17 16:34:02', 'saved_for_later_count': 0, 'coupon_code': None, 'abandoned': False}"
126,414,2025-04-02 16:34:02.345981,2025-04-15 16:34:02.345981,"{'session_id': '16jzuvfq3k6ofmxp', 'last_activity': '2025-04-15 16:34:02', 'saved_for_later_count': 0, 'coupon_code': None, 'abandoned': False}"
127,369,2025-04-14 16:34:02.345986,2025-04-15 16:34:02.345986,"{'session_id': '7wdlcj37d6rcrvsb', 'last_activity': '2025-04-15 16:34:02', 'saved_for_later_count': 2, 'coupon_code': None, 'abandoned': False}"
128,398,2025-03-23 16:34:02.345990,2025-03-27 16:34:02.345990,"{'session_id': 'pjvwozuklwpm2alm', 'last_activity': '2025-03-27 16:34:02', 'saved_for_later_count': 2, 'coupon_code': None, 'abandoned': False}"
129,20,2025-04-03 16:34:02.345995,2025-04-12 16:34:02.345995,"{'session_id': 'aouyz9p9s3mgj7dz', 'last_activity': '2025-04-12 16:34:02', 'saved_for_later_count': 0, 'coupon_code': None, 'abandoned': False}"
130,74,2025-04-04 16:34:02.345999,2025-04-04 16:34:02.345999,"{'session_id': 'sdepsxtti1p11fy6', 'last_activity': '2025-04-04 16:34:02', 'saved_for_later_count': 3, 'coupon_code': None, 'abandoned': False}"
131,120,2025-03-21 16:34:02.346005,2025-03-23 16:34:02.346005,"{'session_id': 'aqcidc86y4jtj1gw', 'last_activity': '2025-03-23 16:34:02', 'saved_for_later_count': 0, 'coupon_code': None, 'abandoned': False}"
132,162,2025-03-24 16:34:02.346010,2025-04-15 16:34:02.346010,"{'session_id': 'e371w6yx676mnhrw', 'last_activity': '2025-04-15 16:34:02', 'saved_for_later_count': 0, 'coupon_code': None, 'abandoned': False}"
133,478,2025-04-01 16:34:02.346014,2025-04-08 16:34:02.346014,"{'session_id': 'a2tfd2at5knluao1', 'last_activity': '2025-04-08 16:34:02', 'saved_for_later_count': 0, 'coupon_code': None, 'abandoned': False}"
134,297,2025-04-03 16:34:02.346020,2025-04-06 16:34:02.346020,"{'session_id': 'qp8ki1nl41notkni', 'last_activity': '2025-04-06 16:34:02', 'saved_for_later_count': 0, 'coupon_code': None, 'abandoned': False}"
135,345,2025-04-16 16:34:02.346025,2025-04-17 16:34:02.346025,"{'session_id': '9f5zr6asw4onnby8', 'last_activity': '2025-04-17 16:34:02', 'saved_for_later_count': 0, 'coupon_code': None, 'abandoned': False}"
136,302,2025-03-20 16:34:02.346029,2025-04-14 16:34:02.346029,"{'session_id': 'dx3azsvhb06jh2ws', 'last_activity': '2025-04-14 16:34:02', 'saved_for_later_count': 0, 'coupon_code': None, 'abandoned': False}"
137,231,2025-04-05 16:34:02.346034,2025-04-12 16:34:02.346034,"{'session_id': '4xurju0gwj9vlqu5', 'last_activity': '2025-04-12 16:34:02', 'saved_for_later_count': 0, 'coupon_code': '688W4EZ9', 'abandoned': False}"
138,490,2025-03-19 16:34:02.346038,2025-04-07 16:34:02.346038,"{'session_id': '0mc3giir4w4l3mhz', 'last_activity': '2025-04-07 16:34:02', 'saved_for_later_count': 0, 'coupon_code': None, 'abandoned': False}"
139,284,2025-04-17 16:34:02.346043,2025-04-17 16:34:02.346043,"{'session_id': '5yzx0vy4zj861mmc', 'last_activity': '2025-04-17 16:34:02', 'saved_for_later_count': 0, 'coupon_code': None, 'abandoned': False}"
140,247,2025-04-07 16:34:02.346047,2025-04-09 16:34:02.346047,"{'session_id': '7tdggnfqidulpcz0', 'last_activity': '2025-04-09 16:34:02', 'saved_for_later_count': 0, 'coupon_code': None, 'abandoned': False}"
141,412,2025-04-05 16:34:02.346051,2025-04-09 16:34:02.346051,"{'session_id': 'x1mybm4sveoin1hk', 'last_activity': '2025-04-09 16:34:02', 'saved_for_later_count': 0, 'coupon_code': None, 'abandoned': False}"
142,335,2025-04-07 16:34:02.346056,2025-04-16 16:34:02.346056,"{'session_id': 'bzupec35x92btrmx', 'last_activity': '2025-04-16 16:34:02', 'saved_for_later_count': 5, 'coupon_code': None, 'abandoned': False}"
143,415,2025-04-02 16:34:02.346060,2025-04-08 16:34:02.346060,"{'session_id': 'qexs01hlkeyf4x2y', 'last_activity': '2025-04-08 16:34:02', 'saved_for_later_count': 0, 'coupon_code': None, 'abandoned': False}"
144,159,2025-03-27 16:34:02.346064,2025-04-04 16:34:02.346064,"{'session_id': 'ug2kr6ml4b41haxp', 'last_activity': '2025-04-04 16:34:02', 'saved_for_later_count': 0, 'coupon_code': None, 'abandoned': False}"
145,481,2025-04-16 16:34:02.346069,2025-04-17 16:34:02.346069,"{'session_id': 'mxt44ndpsl73nl1j', 'last_activity': '2025-04-17 16:34:02', 'saved_for_later_count': 1, 'coupon_code': None, 'abandoned': False}"
146,65,2025-03-25 16:34:02.346073,2025-03-31 16:34:02.346073,"{'session_id': '4f4gxnnhm8jghiyv', 'last_activity': '2025-03-31 16:34:02', 'saved_for_later_count': 0, 'coupon_code': None, 'abandoned': False}"
147,220,2025-04-06 16:34:02.346078,2025-04-12 16:34:02.346078,"{'session_id': 'upou3ux2zfe6nim8', 'last_activity': '2025-04-12 16:34:02', 'saved_for_later_count': 0, 'coupon_code': None, 'abandoned': False}"
148,299,2025-03-26 16:34:02.346083,2025-03-31 16:34:02.346083,"{'session_id': 'mj2cga6tnhue1ly7', 'last_activity': '2025-03-31 16:34:02', 'saved_for_later_count': 0, 'coupon_code': None, 'abandoned': False}"
149,396,2025-04-11 16:34:02.346087,2025-04-14 16:34:02.346087,"{'session_id': 'ne8cxx9uq3f0z0ub', 'last_activity': '2025-04-14 16:34:02', 'saved_for_later_count': 0, 'coupon_code': None, 'abandoned': False}"
150,316,2025-04-16 16:34:02.346091,2025-04-17 16:34:02.346091,"{'session_id': 'qqry4we5escxfpnw', 'last_activity': '2025-04-17 16:34:02', 'saved_for_later_count': 0, 'coupon_code': None, 'abandoned': False}"
151,305,2025-04-08 16:34:02.346096,2025-04-17 16:34:02.346096,"{'session_id': 'qey3pmqy56k1thkl', 'last_activity': '2025-04-17 16:34:02', 'saved_for_later_count': 0, 'coupon_code': None, 'abandoned': False}"
152,348,2025-03-31 16:34:02.346100,2025-04-11 16:34:02.346100,"{'session_id': 's8qswkuomz7xm6sl', 'last_activity': '2025-04-11 16:34:02', 'saved_for_later_count': 0, 'coupon_code': None, 'abandoned': False}"
153,221,2025-03-22 16:34:02.346104,2025-03-28 16:34:02.346104,"{'session_id': 'fk2173ti8blj21w2', 'last_activity': '2025-03-28 16:34:02', 'saved_for_later_count': 3, 'coupon_code': None, 'abandoned': False}"
154,486,2025-04-01 16:34:02.346109,2025-04-02 16:34:02.346109,"{'session_id': 'vpz74gbm9twejb9c', 'last_activity': '2025-04-02 16:34:02', 'saved_for_later_count': 0, 'coupon_code': None, 'abandoned': False}"
155,76,2025-04-10 16:34:02.346113,2025-04-12 16:34:02.346113,"{'session_id': 'tzzezspihpw1ltsb', 'last_activity': '2025-04-12 16:34:02', 'saved_for_later_count': 1, 'coupon_code': None, 'abandoned': False}"
156,453,2025-04-06 16:34:02.346118,2025-04-07 16:34:02.346118,"{'session_id': 'szdd7e2m5xjskr26', 'last_activity': '2025-04-07 16:34:02', 'saved_for_later_count': 4, 'coupon_code': None, 'abandoned': False}"
157,9,2025-03-31 16:34:02.346122,2025-04-17 16:34:02.346122,"{'session_id': '5sx422yz7mknz1h1', 'last_activity': '2025-04-17 16:34:02', 'saved_for_later_count': 0, 'coupon_code': None, 'abandoned': False}"
158,342,2025-04-14 16:34:02.346126,2025-04-16 16:34:02.346126,"{'session_id': 'r4bu7tzzxh711nqk', 'last_activity': '2025-04-16 16:34:02', 'saved_for_later_count': 0, 'coupon_code': None, 'abandoned': False}"
159,122,2025-04-12 16:34:02.346131,2025-04-15 16:34:02.346131,"{'session_id': '51fmd3l4jkjtcry7', 'last_activity': '2025-04-15 16:34:02', 'saved_for_later_count': 2, 'coupon_code': 'PDV39LP7', 'abandoned': False}"
160,36,2025-03-30 16:34:02.346136,2025-04-05 16:34:02.346136,"{'session_id': '2h42sumfakatjgyq', 'last_activity': '2025-04-05 16:34:02', 'saved_for_later_count': 0, 'coupon_code': None, 'abandoned': False}"
161,148,2025-03-20 16:34:02.346140,2025-03-20 16:34:02.346140,"{'session_id': 'nxupbrsn1lhjy9qr', 'last_activity': '2025-03-20 16:34:02', 'saved_for_later_count': 5, 'coupon_code': None, 'abandoned': False}"
162,401,2025-04-11 16:34:02.346144,2025-04-15 16:34:02.346144,"{'session_id': 'axhotyuay7v2ikqj', 'last_activity': '2025-04-15 16:34:02', 'saved_for_later_count': 4, 'coupon_code': '4IMPIHQ1', 'abandoned': False}"
163,479,2025-04-02 16:34:02.346149,2025-04-10 16:34:02.346149,"{'session_id': 'pebbfvlqwcgsh3l1', 'last_activity': '2025-04-10 16:34:02', 'saved_for_later_count': 2, 'coupon_code': None, 'abandoned': False}"
164,494,2025-04-12 16:34:02.346154,2025-04-14 16:34:02.346154,"{'session_id': 'pqgag23inhb96acb', 'last_activity': '2025-04-14 16:34:02', 'saved_for_later_count': 1, 'coupon_code': None, 'abandoned': False}"
165,493,2025-03-21 16:34:02.346158,2025-03-28 16:34:02.346158,"{'session_id': 'nbowcdiac32ffhyd', 'last_activity': '2025-03-28 16:34:02', 'saved_for_later_count': 0, 'coupon_code': None, 'abandoned': False}"
166,127,2025-04-04 16:34:02.346163,2025-04-14 16:34:02.346163,"{'session_id': 'f30hnl2k63lwkkg9', 'last_activity': '2025-04-14 16:34:02', 'saved_for_later_count': 0, 'coupon_code': None, 'abandoned': False}"
167,331,2025-04-01 16:34:02.346167,2025-04-01 16:34:02.346167,"{'session_id': 'i24k2etabsfvzgnn', 'last_activity': '2025-04-01 16:34:02', 'saved_for_later_count': 3, 'coupon_code': None, 'abandoned': False}"
168,81,2025-03-30 16:34:02.346171,2025-04-09 16:34:02.346171,"{'session_id': 'uzumvg5i0r75jylc', 'last_activity': '2025-04-09 16:34:02', 'saved_for_later_count': 0, 'coupon_code': None, 'abandoned': False}"
169,499,2025-03-20 16:34:02.346176,2025-04-13 16:34:02.346176,"{'session_id': '6il0ty92snzaybjv', 'last_activity': '2025-04-13 16:34:02', 'saved_for_later_count': 0, 'coupon_code': None, 'abandoned': False}"
170,131,2025-04-09 16:34:02.346182,2025-04-17 16:34:02.346182,"{'session_id': 'fnk2z029sl8obt63', 'last_activity': '2025-04-17 16:34:02', 'saved_for_later_count': 0, 'coupon_code': None, 'abandoned': False}"
171,355,2025-04-13 16:34:02.346186,2025-04-14 16:34:02.346186,"{'session_id': 'ec118rsd90f67vpg', 'last_activity': '2025-04-14 16:34:02', 'saved_for_later_count': 0, 'coupon_code': None, 'abandoned': False}"
172,452,2025-03-28 16:34:02.346191,2025-04-15 16:34:02.346191,"{'session_id': 'mf4jvowtw0tnzxq7', 'last_activity': '2025-04-15 16:34:02', 'saved_for_later_count': 0, 'coupon_code': None, 'abandoned': False}"
173,317,2025-04-08 16:34:02.346195,2025-04-12 16:34:02.346195,"{'session_id': '00nfss9ea4d1mwat', 'last_activity': '2025-04-12 16:34:02', 'saved_for_later_count': 1, 'coupon_code': None, 'abandoned': False}"
174,85,2025-03-19 16:34:02.346200,2025-04-05 16:34:02.346200,"{'session_id': 'd0ifu835fdbno0oa', 'last_activity': '2025-04-05 16:34:02', 'saved_for_later_count': 0, 'coupon_code': None, 'abandoned': False}"
175,239,2025-04-04 16:34:02.346205,2025-04-06 16:34:02.346205,"{'session_id': 'qk9yefa6dbqhsh4s', 'last_activity': '2025-04-06 16:34:02', 'saved_for_later_count': 0, 'coupon_code': None, 'abandoned': False}"
176,66,2025-04-11 16:34:02.346209,2025-04-13 16:34:02.346209,"{'session_id': 'qufd08d191vcqty0', 'last_activity': '2025-04-13 16:34:02', 'saved_for_later_count': 0, 'coupon_code': None, 'abandoned': False}"
177,471,2025-03-29 16:34:02.346213,2025-04-03 16:34:02.346213,"{'session_id': 'cehzve90626kut5w', 'last_activity': '2025-04-03 16:34:02', 'saved_for_later_count': 0, 'coupon_code': None, 'abandoned': False}"
178,286,2025-03-29 16:34:02.346219,2025-03-30 16:34:02.346219,"{'session_id': '1qbriugnutcwo4wy', 'last_activity': '2025-03-30 16:34:02', 'saved_for_later_count': 0, 'coupon_code': None, 'abandoned': False}"
179,446,2025-03-26 16:34:02.346223,2025-04-14 16:34:02.346223,"{'session_id': '40ct12f0bjiew4k9', 'last_activity': '2025-04-14 16:34:02', 'saved_for_later_count': 0, 'coupon_code': None, 'abandoned': False}"
180,11,2025-04-09 16:34:02.346228,2025-04-17 16:34:02.346228,"{'session_id': '9ertk1jdfew5cwhu', 'last_activity': '2025-04-17 16:34:02', 'saved_for_later_count': 0, 'coupon_code': None, 'abandoned': False}"
181,359,2025-04-15 16:34:02.346232,2025-04-16 16:34:02.346232,"{'session_id': '1j2pvogt1s2xuboy', 'last_activity': '2025-04-16 16:34:02', 'saved_for_later_count': 3, 'coupon_code': None, 'abandoned': False}"
182,266,2025-03-21 16:34:02.346237,2025-04-02 16:34:02.346237,"{'session_id': 'hhv8dy9smf90kuwq', 'last_activity': '2025-04-02 16:34:02', 'saved_for_later_count': 0, 'coupon_code': None, 'abandoned': False}"
183,230,2025-03-29 16:34:02.346241,2025-04-06 16:34:02.346241,"{'session_id': '64tcf4w6wn44vgzh', 'last_activity': '2025-04-06 16:34:02', 'saved_for_later_count': 0, 'coupon_code': None, 'abandoned': False}"
184,245,2025-04-07 16:34:02.346246,2025-04-10 16:34:02.346246,"{'session_id': 'h1ihqvyh5ynb8vjf', 'last_activity': '2025-04-10 16:34:02', 'saved_for_later_count': 0, 'coupon_code': None, 'abandoned': False}"
185,27,2025-03-27 16:34:02.346250,2025-04-02 16:34:02.346250,"{'session_id': 'csybij6szu6ncwor', 'last_activity': '2025-04-02 16:34:02', 'saved_for_later_count': 0, 'coupon_code': None, 'abandoned': False}"
186,473,2025-04-08 16:34:02.346254,2025-04-13 16:34:02.346254,"{'session_id': 'h0ynz06axu5h2jw3', 'last_activity': '2025-04-13 16:34:02', 'saved_for_later_count': 3, 'coupon_code': None, 'abandoned': False}"
187,157,2025-04-14 16:34:02.346259,2025-04-14 16:34:02.346259,"{'session_id': 'kc5lh7knkw216k7w', 'last_activity': '2025-04-14 16:34:02', 'saved_for_later_count': 0, 'coupon_code': None, 'abandoned': False}"
188,108,2025-04-08 16:34:02.346263,2025-04-11 16:34:02.346263,"{'session_id': 'gc18eigrrcort3gw', 'last_activity': '2025-04-11 16:34:02', 'saved_for_later_count': 0, 'coupon_code': None, 'abandoned': False}"
189,368,2025-04-03 16:34:02.346268,2025-04-09 16:34:02.346268,"{'session_id': 'jabcyaq880oplvg6', 'last_activity': '2025-04-09 16:34:02', 'saved_for_later_count': 1, 'coupon_code': None, 'abandoned': False}"
190,383,2025-04-11 16:34:02.346273,2025-04-17 16:34:02.346273,"{'session_id': 'i0u7o14vzd7cw88w', 'last_activity': '2025-04-17 16:34:02', 'saved_for_later_count': 0, 'coupon_code': None, 'abandoned': False}"
191,491,2025-03-23 16:34:02.346277,2025-03-30 16:34:02.346277,"{'session_id': 'zeala9cmtxsn27c9', 'last_activity': '2025-03-30 16:34:02', 'saved_for_later_count': 0, 'coupon_code': None, 'abandoned': False}"
192,308,2025-04-17 16:34:02.346282,2025-04-17 16:34:02.346282,"{'session_id': '17t1et1sk3hb39yb', 'last_activity': '2025-04-17 16:34:02', 'saved_for_later_count': 0, 'coupon_code': None, 'abandoned': False}"
193,309,2025-04-01 16:34:02.346287,2025-04-12 16:34:02.346287,"{'session_id': 'atc5jx4ulv5scqwa', 'last_activity': '2025-04-12 16:34:02', 'saved_for_later_count': 0, 'coupon_code': None, 'abandoned': False}"
194,379,2025-04-12 16:34:02.346291,2025-04-17 16:34:02.346291,"{'session_id': 'zxozwwbdnh0cmjo3', 'last_activity': '2025-04-17 16:34:02', 'saved_for_later_count': 0, 'coupon_code': None, 'abandoned': False}"
195,270,2025-03-29 16:34:02.346295,2025-04-07 16:34:02.346295,"{'session_id': 'lpb5d42y30xj1e2i', 'last_activity': '2025-04-07 16:34:02', 'saved_for_later_count': 1, 'coupon_code': None, 'abandoned': False}"
196,173,2025-04-16 16:34:02.346299,2025-04-17 16:34:02.346299,"{'session_id': 'yr4xr0so5kqavu4o', 'last_activity': '2025-04-17 16:34:02', 'saved_for_later_count': 0, 'coupon_code': None, 'abandoned': False}"
197,212,2025-04-06 16:34:02.346304,2025-04-08 16:34:02.346304,"{'session_id': 'g2kxp01k67b483af', 'last_activity': '2025-04-08 16:34:02', 'saved_for_later_count': 0, 'coupon_code': None, 'abandoned': False}"
198,35,2025-04-13 16:34:02.346308,2025-04-16 16:34:02.346308,"{'session_id': 'tyevckg6xrth3rym', 'last_activity': '2025-04-16 16:34:02', 'saved_for_later_count': 2, 'coupon_code': None, 'abandoned': False}"
199,203,2025-04-10 16:34:02.346313,2025-04-11 16:34:02.346313,"{'session_id': 'z6tc5rq9g7f02hmp', 'last_activity': '2025-04-11 16:34:02', 'saved_for_later_count': 0, 'coupon_code': None, 'abandoned': False}"
200,376,2025-04-01 16:34:02.346317,2025-04-08 16:34:02.346317,"{'session_id': 'qor9nhn5pp9ei7le', 'last_activity': '2025-04-08 16:34:02', 'saved_for_later_count': 3, 'coupon_code': None, 'abandoned': False}"
201,356,2025-03-28 16:34:02.346321,2025-04-17 16:34:02.346321,"{'session_id': '20g0ht3xmj2x4e3o', 'last_activity': '2025-04-17 16:34:02', 'saved_for_later_count': 0, 'coupon_code': None, 'abandoned': False}"
202,241,2025-04-04 16:34:02.346326,2025-04-14 16:34:02.346326,"{'session_id': 'dp6igllm10ps8uo1', 'last_activity': '2025-04-14 16:34:02', 'saved_for_later_count': 0, 'coupon_code': None, 'abandoned': False}"
203,89,2025-03-20 16:34:02.346330,2025-04-16 16:34:02.346330,"{'session_id': 'rqogf6fmyzuzg8sw', 'last_activity': '2025-04-16 16:34:02', 'saved_for_later_count': 4, 'coupon_code': None, 'abandoned': False}"
204,248,2025-04-04 16:34:02.346335,2025-04-14 16:34:02.346335,"{'session_id': 'zuccly9qggo79r5d', 'last_activity': '2025-04-14 16:34:02', 'saved_for_later_count': 0, 'coupon_code': None, 'abandoned': False}"
205,60,2025-03-22 16:34:02.346339,2025-04-14 16:34:02.346339,"{'session_id': 'vl3uczaozveumrf7', 'last_activity': '2025-04-14 16:34:02', 'saved_for_later_count': 0, 'coupon_code': None, 'abandoned': False}"
206,463,2025-04-03 16:34:02.346343,2025-04-09 16:34:02.346343,"{'session_id': '8bzhq0tlspqshp9c', 'last_activity': '2025-04-09 16:34:02', 'saved_for_later_count': 0, 'coupon_code': None, 'abandoned': False}"
207,371,2025-03-20 16:34:02.346347,2025-04-06 16:34:02.346347,"{'session_id': 'z20907sn6a7ylhbb', 'last_activity': '2025-04-06 16:34:02', 'saved_for_later_count': 0, 'coupon_code': None, 'abandoned': False}"
208,43,2025-04-06 16:34:02.346352,2025-04-15 16:34:02.346352,"{'session_id': 't2c2c8nxs7kdch42', 'last_activity': '2025-04-15 16:34:02', 'saved_for_later_count': 0, 'coupon_code': None, 'abandoned': False}"
209,258,2025-03-19 16:34:02.346356,2025-03-30 16:34:02.346356,"{'session_id': 'b0m0bcpegtcz9bm2', 'last_activity': '2025-03-30 16:34:02', 'saved_for_later_count': 0, 'coupon_code': None, 'abandoned': False}"
210,4,2025-04-15 16:34:02.346360,2025-04-17 16:34:02.346360,"{'session_id': 'epibaqyq7zxdjz8o', 'last_activity': '2025-04-17 16:34:02', 'saved_for_later_count': 0, 'coupon_code': None, 'abandoned': False}"
211,445,2025-03-23 16:34:02.346365,2025-04-08 16:34:02.346365,"{'session_id': 'nul2jwa3gdgzb1fk', 'last_activity': '2025-04-08 16:34:02', 'saved_for_later_count': 0, 'coupon_code': None, 'abandoned': False}"
212,438,2025-04-11 16:34:02.346369,2025-04-15 16:34:02.346369,"{'session_id': 'snv38qa7jmoscw6i', 'last_activity': '2025-04-15 16:34:02', 'saved_for_later_count': 3, 'coupon_code': None, 'abandoned': False}"
213,404,2025-03-19 16:34:02.346374,2025-04-09 16:34:02.346374,"{'session_id': 'kj7dw3zruip6snx2', 'last_activity': '2025-04-09 16:34:02', 'saved_for_later_count': 0, 'coupon_code': None, 'abandoned': False}"
214,385,2025-04-05 16:34:02.346378,2025-04-11 16:34:02.346378,"{'session_id': 'mf9me4bixp57gcf9', 'last_activity': '2025-04-11 16:34:02', 'saved_for_later_count': 4, 'coupon_code': None, 'abandoned': False}"
215,326,2025-03-22 16:34:02.346383,2025-04-05 16:34:02.346383,"{'session_id': 'c84o1vimg05025cn', 'last_activity': '2025-04-05 16:34:02', 'saved_for_later_count': 0, 'coupon_code': None, 'abandoned': False}"
216,450,2025-04-14 16:34:02.346387,2025-04-14 16:34:02.346387,"{'session_id': 'dm5jrq3gf7bhdzht', 'last_activity': '2025-04-14 16:34:02', 'saved_for_later_count': 5, 'coupon_code': None, 'abandoned': False}"
217,474,2025-03-23 16:34:02.346392,2025-04-08 16:34:02.346392,"{'session_id': '3rk0cyo8nh2abupc', 'last_activity': '2025-04-08 16:34:02', 'saved_for_later_count': 0, 'coupon_code': None, 'abandoned': False}"
218,451,2025-03-26 16:34:02.346396,2025-04-07 16:34:02.346396,"{'session_id': '1ikfhz6t8vmrt7g4', 'last_activity': '2025-04-07 16:34:02', 'saved_for_later_count': 0, 'coupon_code': None, 'abandoned': False}"
219,295,2025-03-21 16:34:02.346401,2025-03-30 16:34:02.346401,"{'session_id': '97jjkg866awcdw0x', 'last_activity': '2025-03-30 16:34:02', 'saved_for_later_count': 1, 'coupon_code': 'C5QA824Q', 'abandoned': False}"
220,208,2025-04-16 16:34:02.346408,2025-04-16 16:34:02.346408,"{'session_id': '5hy7dbn3c2urj060', 'last_activity': '2025-04-16 16:34:02', 'saved_for_later_count': 5, 'coupon_code': 'S6R2ZKH0', 'abandoned': False}"
221,285,2025-03-21 16:34:02.346413,2025-04-05 16:34:02.346413,"{'session_id': 'n2h3tt62d8qwmqnc', 'last_activity': '2025-04-05 16:34:02', 'saved_for_later_count': 4, 'coupon_code': None, 'abandoned': False}"
222,234,2025-03-30 16:34:02.346418,2025-04-15 16:34:02.346418,"{'session_id': 'nta9gcfi029k72ju', 'last_activity': '2025-04-15 16:34:02', 'saved_for_later_count': 0, 'coupon_code': None, 'abandoned': False}"
223,375,2025-03-29 16:34:02.346423,2025-03-31 16:34:02.346423,"{'session_id': 'nrxioggrppjeu3ye', 'last_activity': '2025-03-31 16:34:02', 'saved_for_later_count': 0, 'coupon_code': None, 'abandoned': False}"
224,97,2025-04-09 16:34:02.346427,2025-04-09 16:34:02.346427,"{'session_id': 'yt1m50ltm8y312zz', 'last_activity': '2025-04-09 16:34:02', 'saved_for_later_count': 5, 'coupon_code': None, 'abandoned': False}"
225,443,2025-03-24 16:34:02.346433,2025-04-08 16:34:02.346433,"{'session_id': 'hs72df8gawl34znu', 'last_activity': '2025-04-08 16:34:02', 'saved_for_later_count': 0, 'coupon_code': None, 'abandoned': False}"
226,422,2025-04-13 16:34:02.346437,2025-04-15 16:34:02.346437,"{'session_id': '8y95c8x9jmhxnfe4', 'last_activity': '2025-04-15 16:34:02', 'saved_for_later_count': 5, 'coupon_code': None, 'abandoned': False}"
227,107,2025-04-05 16:34:02.346442,2025-04-05 16:34:02.346442,"{'session_id': 'rnn2iq7kid3umu72', 'last_activity': '2025-04-05 16:34:02', 'saved_for_later_count': 0, 'coupon_code': None, 'abandoned': False}"
228,447,2025-04-14 16:34:02.346448,2025-04-14 16:34:02.346448,"{'session_id': 'apgboaqm0imq8xuc', 'last_activity': '2025-04-14 16:34:02', 'saved_for_later_count': 0, 'coupon_code': 'J8D6YQGL', 'abandoned': False}"
229,312,2025-04-15 16:34:02.346454,2025-04-15 16:34:02.346454,"{'session_id': 'z41e90p8qtdnngpn', 'last_activity': '2025-04-15 16:34:02', 'saved_for_later_count': 0, 'coupon_code': None, 'abandoned': False}"
230,361,2025-04-14 16:34:02.346459,2025-04-16 16:34:02.346459,"{'session_id': 'kqrebfc39gehzyil', 'last_activity': '2025-04-16 16:34:02', 'saved_for_later_count': 0, 'coupon_code': None, 'abandoned': False}"
231,482,2025-04-09 16:34:02.346463,2025-04-12 16:34:02.346463,"{'session_id': '1hr3bdc0ae05jkx3', 'last_activity': '2025-04-12 16:34:02', 'saved_for_later_count': 0, 'coupon_code': 'TF2WELF0', 'abandoned': False}"
232,243,2025-04-15 16:34:02.346468,2025-04-17 16:34:02.346468,"{'session_id': 'ucrfx3itdd29v845', 'last_activity': '2025-04-17 16:34:02', 'saved_for_later_count': 0, 'coupon_code': None, 'abandoned': False}"
233,259,2025-03-19 16:34:02.346473,2025-04-12 16:34:02.346473,"{'session_id': 'ygvifizl7o1709n7', 'last_activity': '2025-04-12 16:34:02', 'saved_for_later_count': 0, 'coupon_code': None, 'abandoned': False}"
234,147,2025-04-05 16:34:02.346477,2025-04-13 16:34:02.346477,"{'session_id': 'hznlxssfnl8kyvej', 'last_activity': '2025-04-13 16:34:02', 'saved_for_later_count': 0, 'coupon_code': None, 'abandoned': False}"
235,215,2025-04-16 16:34:02.346482,2025-04-17 16:34:02.346482,"{'session_id': '3gvzp4yxhgpzpm88', 'last_activity': '2025-04-17 16:34:02', 'saved_for_later_count': 0, 'coupon_code': None, 'abandoned': False}"
236,413,2025-03-31 16:34:02.346487,2025-04-17 16:34:02.346487,"{'session_id': 'a30nlpwnxek8y5x1', 'last_activity': '2025-04-17 16:34:02', 'saved_for_later_count': 0, 'coupon_code': None, 'abandoned': False}"
237,141,2025-03-21 16:34:02.346491,2025-04-16 16:34:02.346491,"{'session_id': 'xpcsz7q20184iws4', 'last_activity': '2025-04-16 16:34:02', 'saved_for_later_count': 0, 'coupon_code': None, 'abandoned': False}"
238,301,2025-04-01 16:34:02.346496,2025-04-17 16:34:02.346496,"{'session_id': 'e2w4x8rvfa2o30aq', 'last_activity': '2025-04-17 16:34:02', 'saved_for_later_count': 0, 'coupon_code': None, 'abandoned': False}"
239,94,2025-03-22 16:34:02.346500,2025-04-12 16:34:02.346500,"{'session_id': 'b7ao6fv5dgp5o1g1', 'last_activity': '2025-04-12 16:34:02', 'saved_for_later_count': 3, 'coupon_code': None, 'abandoned': False}"
240,228,2025-04-17 16:34:02.346504,2025-04-17 16:34:02.346504,"{'session_id': 'jfb527qht1ce17tz', 'last_activity': '2025-04-17 16:34:02', 'saved_for_later_count': 1, 'coupon_code': None, 'abandoned': False}"
241,106,2025-04-10 16:34:02.346510,2025-04-15 16:34:02.346510,"{'session_id': 'ln51xkox1mbxxa33', 'last_activity': '2025-04-15 16:34:02', 'saved_for_later_count': 0, 'coupon_code': None, 'abandoned': False}"
242,19,2025-03-30 16:34:02.346514,2025-04-14 16:34:02.346514,"{'session_id': 'rs4qrhpwutukolel', 'last_activity': '2025-04-14 16:34:02', 'saved_for_later_count': 1, 'coupon_code': None, 'abandoned': False}"
243,168,2025-04-11 16:34:02.346518,2025-04-17 16:34:02.346518,"{'session_id': 'v3cmaxufks1ujrs4', 'last_activity': '2025-04-17 16:34:02', 'saved_for_later_count': 3, 'coupon_code': None, 'abandoned': False}"
244,271,2025-03-29 16:34:02.346523,2025-04-16 16:34:02.346523,"{'session_id': 'v7wlud7p56esh5sx', 'last_activity': '2025-04-16 16:34:02', 'saved_for_later_count': 2, 'coupon_code': None, 'abandoned': False}"
245,197,2025-04-02 16:34:02.346528,2025-04-07 16:34:02.346528,"{'session_id': 'puscwaaw2ixf7klj', 'last_activity': '2025-04-07 16:34:02', 'saved_for_later_count': 2, 'coupon_code': None, 'abandoned': False}"
246,344,2025-04-07 16:34:02.346533,2025-04-17 16:34:02.346533,"{'session_id': '8brsv14oiipus17s', 'last_activity': '2025-04-17 16:34:02', 'saved_for_later_count': 0, 'coupon_code': None, 'abandoned': False}"
247,480,2025-04-13 16:34:02.346537,2025-04-17 16:34:02.346537,"{'session_id': '2uayfkf0cv3klrj6', 'last_activity': '2025-04-17 16:34:02', 'saved_for_later_count': 0, 'coupon_code': None, 'abandoned': False}"
248,476,2025-04-16 16:34:02.346542,2025-04-17 16:34:02.346542,"{'session_id': 'p7z9z6erkauwbz2z', 'last_activity': '2025-04-17 16:34:02', 'saved_for_later_count': 0, 'coupon_code': None, 'abandoned': False}"
249,461,2025-04-16 16:34:02.346546,2025-04-16 16:34:02.346546,"{'session_id': '7u31jejak273bdah', 'last_activity': '2025-04-16 16:34:02', 'saved_for_later_count': 0, 'coupon_code': None, 'abandoned': False}"
250,487,2025-04-17 16:34:02.346551,2025-04-17 16:34:02.346551,"{'session_id': 'r0c8hip5uwyuraeg', 'last_activity': '2025-04-17 16:34:02', 'saved_for_later_count': 0, 'coupon_code': None, 'abandoned': False}"
251,135,2025-03-20 16:34:02.346556,2025-04-03 16:34:02.346556,"{'session_id': 'qcdb9og03m4v7zbh', 'last_activity': '2025-04-03 16:34:02', 'saved_for_later_count': 1, 'coupon_code': None, 'abandoned': False}"
252,188,2025-04-04 16:34:02.346561,2025-04-11 16:34:02.346561,"{'session_id': 'i6b0b53xk67tjb5m', 'last_activity': '2025-04-11 16:34:02', 'saved_for_later_count': 0, 'coupon_code': None, 'abandoned': False}"
253,130,2025-04-08 16:34:02.346565,2025-04-17 16:34:02.346565,"{'session_id': 'hxz2fr5hql4vfq4u', 'last_activity': '2025-04-17 16:34:02', 'saved_for_later_count': 0, 'coupon_code': None, 'abandoned': False}"
254,83,2025-04-07 16:34:02.346570,2025-04-14 16:34:02.346570,"{'session_id': 'qma47pwwum1ynvxm', 'last_activity': '2025-04-14 16:34:02', 'saved_for_later_count': 0, 'coupon_code': None, 'abandoned': False}"
255,29,2025-04-04 16:34:02.346574,2025-04-17 16:34:02.346574,"{'session_id': 'wfvxhfsq26l1w150', 'last_activity': '2025-04-17 16:34:02', 'saved_for_later_count': 0, 'coupon_code': None, 'abandoned': False}"
256,175,2025-04-14 16:34:02.346578,2025-04-15 16:34:02.346578,"{'session_id': 'xhfhtj0g2fjjfof3', 'last_activity': '2025-04-15 16:34:02', 'saved_for_later_count': 0, 'coupon_code': None, 'abandoned': False}"
257,439,2025-03-19 16:34:02.346583,2025-03-28 16:34:02.346583,"{'session_id': '90elckym3rzxyvwk', 'last_activity': '2025-03-28 16:34:02', 'saved_for_later_count': 0, 'coupon_code': None, 'abandoned': False}"
258,366,2025-03-24 16:34:02.346588,2025-04-13 16:34:02.346588,"{'session_id': '2ezci4vq0pcawzrc', 'last_activity': '2025-04-13 16:34:02', 'saved_for_later_count': 2, 'coupon_code': None, 'abandoned': False}"
259,187,2025-03-29 16:34:02.346593,2025-04-10 16:34:02.346593,"{'session_id': '5tcnpwcqekq2gdlr', 'last_activity': '2025-04-10 16:34:02', 'saved_for_later_count': 0, 'coupon_code': None, 'abandoned': False}"
260,298,2025-03-21 16:34:02.346599,2025-03-21 16:34:02.346599,"{'session_id': '396s8votqisg1w29', 'last_activity': '2025-03-21 16:34:02', 'saved_for_later_count': 0, 'coupon_code': None, 'abandoned': False}"
261,207,2025-04-16 16:34:02.346604,2025-04-16 16:34:02.346604,"{'session_id': 'nxsg6ao4kigte9fi', 'last_activity': '2025-04-16 16:34:02', 'saved_for_later_count': 2, 'coupon_code': None, 'abandoned': False}"
262,115,2025-03-20 16:34:02.346609,2025-03-27 16:34:02.346609,"{'session_id': 'wnmuj9qhdobgf4wi', 'last_activity': '2025-03-27 16:34:02', 'saved_for_later_count': 0, 'coupon_code': None, 'abandoned': False}"
263,48,2025-03-24 16:34:02.346614,2025-03-31 16:34:02.346614,"{'session_id': '7h1me5w0bwyxzecj', 'last_activity': '2025-03-31 16:34:02', 'saved_for_later_count': 0, 'coupon_code': None, 'abandoned': False}"
264,25,2025-03-22 16:34:02.346618,2025-03-25 16:34:02.346618,"{'session_id': 'u17tgqaf4etbybvl', 'last_activity': '2025-03-25 16:34:02', 'saved_for_later_count': 0, 'coupon_code': None, 'abandoned': False}"
265,294,2025-03-30 16:34:02.346622,2025-03-31 16:34:02.346622,"{'session_id': 'x7ci5g3x43e5r915', 'last_activity': '2025-03-31 16:34:02', 'saved_for_later_count': 0, 'coupon_code': None, 'abandoned': False}"
266,77,2025-04-04 16:34:02.346628,2025-04-05 16:34:02.346628,"{'session_id': '76nh3st9hv9fswq1', 'last_activity': '2025-04-05 16:34:02', 'saved_for_later_count': 0, 'coupon_code': None, 'abandoned': False}"
267,421,2025-04-02 16:34:02.346632,2025-04-09 16:34:02.346632,"{'session_id': 'owdggu010kbcznpv', 'last_activity': '2025-04-09 16:34:02', 'saved_for_later_count': 0, 'coupon_code': None, 'abandoned': False}"
268,182,2025-03-28 16:34:02.346637,2025-04-14 16:34:02.346637,"{'session_id': '9iafksog7m6h7vco', 'last_activity': '2025-04-14 16:34:02', 'saved_for_later_count': 0, 'coupon_code': None, 'abandoned': False}"
269,195,2025-04-02 16:34:02.346641,2025-04-12 16:34:02.346641,"{'session_id': '3z7kgkn0rvzlawpv', 'last_activity': '2025-04-12 16:34:02', 'saved_for_later_count': 0, 'coupon_code': None, 'abandoned': False}"
270,92,2025-04-09 16:34:02.346646,2025-04-09 16:34:02.346646,"{'session_id': 'f86vbtagpnqyrzps', 'last_activity': '2025-04-09 16:34:02', 'saved_for_later_count': 0, 'coupon_code': '1ZKEXO2K', 'abandoned': False}"
271,265,2025-04-16 16:34:02.346651,2025-04-17 16:34:02.346651,"{'session_id': 'kvg7got7dg0w0ivk', 'last_activity': '2025-04-17 16:34:02', 'saved_for_later_count': 0, 'coupon_code': None, 'abandoned': False}"
272,210,2025-03-22 16:34:02.346656,2025-04-02 16:34:02.346656,"{'session_id': '9x7htby3x4l98z7p', 'last_activity': '2025-04-02 16:34:02', 'saved_for_later_count': 0, 'coupon_code': None, 'abandoned': False}"
273,161,2025-03-30 16:34:02.346660,2025-04-14 16:34:02.346660,"{'session_id': 'e0k6ghvunvjjk7i2', 'last_activity': '2025-04-14 16:34:02', 'saved_for_later_count': 0, 'coupon_code': None, 'abandoned': False}"
274,444,2025-03-27 16:34:02.346664,2025-03-31 16:34:02.346664,"{'session_id': 'ce21yto45kz6tffc', 'last_activity': '2025-03-31 16:34:02', 'saved_for_later_count': 0, 'coupon_code': None, 'abandoned': False}"
275,167,2025-04-14 16:34:02.346670,2025-04-17 16:34:02.346670,"{'session_id': 'qliz08zvbe5oz29j', 'last_activity': '2025-04-17 16:34:02', 'saved_for_later_count': 0, 'coupon_code': 'UNW12N1F', 'abandoned': False}"
276,268,2025-04-04 16:34:02.346674,2025-04-15 16:34:02.346674,"{'session_id': 'vyj9biekmg1ixd49', 'last_activity': '2025-04-15 16:34:02', 'saved_for_later_count': 2, 'coupon_code': None, 'abandoned': False}"
277,466,2025-03-20 16:34:02.346679,2025-03-21 16:34:02.346679,"{'session_id': 'yihjgitmpip1wj4m', 'last_activity': '2025-03-21 16:34:02', 'saved_for_later_count': 0, 'coupon_code': None, 'abandoned': False}"
278,329,2025-04-04 16:34:02.346683,2025-04-09 16:34:02.346683,"{'session_id': 'l8o7sfpkzrqbzokz', 'last_activity': '2025-04-09 16:34:02', 'saved_for_later_count': 0, 'coupon_code': None, 'abandoned': False}"
279,71,2025-04-01 16:34:02.346688,2025-04-08 16:34:02.346688,"{'session_id': 'tobmuuprxlh70m9y', 'last_activity': '2025-04-08 16:34:02', 'saved_for_later_count': 5, 'coupon_code': None, 'abandoned': False}"
280,252,2025-04-09 16:34:02.346693,2025-04-12 16:34:02.346693,"{'session_id': 'j2uruyfashrnvwms', 'last_activity': '2025-04-12 16:34:02', 'saved_for_later_count': 0, 'coupon_code': None, 'abandoned': False}"
281,70,2025-04-09 16:34:02.346698,2025-04-10 16:34:02.346698,"{'session_id': '6v445dwgn2ovojds', 'last_activity': '2025-04-10 16:34:02', 'saved_for_later_count': 0, 'coupon_code': None, 'abandoned': False}"
282,102,2025-04-08 16:34:02.346702,2025-04-08 16:34:02.346702,"{'session_id': 'j7h86t7mt8fr0r6l', 'last_activity': '2025-04-08 16:34:02', 'saved_for_later_count': 0, 'coupon_code': 'XCCJNGS6', 'abandoned': False}"
283,386,2025-04-02 16:34:02.346709,2025-04-10 16:34:02.346709,"{'session_id': 'jgd66t6aitnz4fg8', 'last_activity': '2025-04-10 16:34:02', 'saved_for_later_count': 0, 'coupon_code': None, 'abandoned': False}"
284,389,2025-04-02 16:34:02.346714,2025-04-04 16:34:02.346714,"{'session_id': 'el54i91nh1s0tui2', 'last_activity': '2025-04-04 16:34:02', 'saved_for_later_count': 0, 'coupon_code': None, 'abandoned': False}"
285,380,2025-04-14 16:34:02.346719,2025-04-17 16:34:02.346719,"{'session_id': 'gt5a4ylxg6gbp05a', 'last_activity': '2025-04-17 16:34:02', 'saved_for_later_count': 0, 'coupon_code': None, 'abandoned': False}"
286,457,2025-04-15 16:34:02.346723,2025-04-15 16:34:02.346723,"{'session_id': '7gmcd2k3xik6nrat', 'last_activity': '2025-04-15 16:34:02', 'saved_for_later_count': 0, 'coupon_code': None, 'abandoned': False}"
287,423,2025-04-03 16:34:02.346729,2025-04-07 16:34:02.346729,"{'session_id': '6eg2teki484goxc3', 'last_activity': '2025-04-07 16:34:02', 'saved_for_later_count': 0, 'coupon_code': None, 'abandoned': False}"
288,273,2025-03-23 16:34:02.346733,2025-04-04 16:34:02.346733,"{'session_id': 'iup2le6fdjzlghgu', 'last_activity': '2025-04-04 16:34:02', 'saved_for_later_count': 0, 'coupon_code': None, 'abandoned': False}"
289,184,2025-04-16 16:34:02.346737,2025-04-17 16:34:02.346737,"{'session_id': 'he83s60uighseq9m', 'last_activity': '2025-04-17 16:34:02', 'saved_for_later_count': 0, 'coupon_code': None, 'abandoned': False}"
290,392,2025-04-15 16:34:02.346742,2025-04-17 16:34:02.346742,"{'session_id': 'geej1mnw3ablo4rk', 'last_activity': '2025-04-17 16:34:02', 'saved_for_later_count': 0, 'coupon_code': None, 'abandoned': False}"
291,123,2025-03-24 16:34:02.346746,2025-04-10 16:34:02.346746,"{'session_id': 'y7nl1981fkjtdv9i', 'last_activity': '2025-04-10 16:34:02', 'saved_for_later_count': 4, 'coupon_code': None, 'abandoned': False}"
292,402,2025-03-23 16:34:02.346751,2025-04-11 16:34:02.346751,"{'session_id': 'bp5l1by4r0023haq', 'last_activity': '2025-04-11 16:34:02', 'saved_for_later_count': 0, 'coupon_code': 'DETCJDF6', 'abandoned': False}"
293,358,2025-03-31 16:34:02.346756,2025-04-16 16:34:02.346756,"{'session_id': 'hku7e9h011f8nomq', 'last_activity': '2025-04-16 16:34:02', 'saved_for_later_count': 0, 'coupon_code': None, 'abandoned': False}"
294,214,2025-04-07 16:34:02.346762,2025-04-09 16:34:02.346762,"{'session_id': 'e0r4ha3fue7zemxn', 'last_activity': '2025-04-09 16:34:02', 'saved_for_later_count': 1, 'coupon_code': None, 'abandoned': False}"
295,56,2025-04-03 16:34:02.346767,2025-04-13 16:34:02.346767,"{'session_id': 'en0oj7d6sbpd50gd', 'last_activity': '2025-04-13 16:34:02', 'saved_for_later_count': 0, 'coupon_code': None, 'abandoned': False}"
296,227,2025-03-30 16:34:02.346771,2025-04-13 16:34:02.346771,"{'session_id': '6cadmva7dww43kg7', 'last_activity': '2025-04-13 16:34:02', 'saved_for_later_count': 2, 'coupon_code': None, 'abandoned': False}"
297,485,2025-03-29 16:34:02.346777,2025-04-10 16:34:02.346777,"{'session_id': 'h6xqtpwy433f3yk5', 'last_activity': '2025-04-10 16:34:02', 'saved_for_later_count': 0, 'coupon_code': None, 'abandoned': False}"
298,213,2025-04-08 16:34:02.346781,2025-04-09 16:34:02.346781,"{'session_id': '39a8f6rcg2y431vl', 'last_activity': '2025-04-09 16:34:02', 'saved_for_later_count': 1, 'coupon_code': None, 'abandoned': False}"
299,50,2025-04-14 16:34:02.346786,2025-04-17 16:34:02.346786,"{'session_id': 'xope8a06karemwn2', 'last_activity': '2025-04-17 16:34:02', 'saved_for_later_count': 0, 'coupon_code': None, 'abandoned': False}"
